product_url,cas_number
nornicotine-dl-rg,494-97-3
15-methano-8h-pyrido12-a15diazocin-8-one-123456-hexahydro-1r5s,485-35-8
3-pyridinecarboxamide-n-methoxy-n-methyl,95091-91-1
4-iodo-1-methyl-12-dihydropyridine-3-carboxamide,6456-44-6
3-34-dihydro-2h-pyrrol-5-ylpyridine,532-12-7
3-pyridinecarbonyl-chloride-hydrochloride-11,20260-53-1
rs-anatabine,2743-90-0
2-hydroxynicotinic-acid,609-71-2
5-hydroxy-6-nitropyridine-3-carboxylic-acid,59288-43-6
methyl-6-methylnicotinate,5470-70-2
nornicotine-2-carboxylic-acid,3562-11-6
3-pyridinecarboxylic-acid-2-chloromethyl-methyl-ester,177785-14-7
3-pyridinecarboxylic-acid-5-methyl-methyl-ester,29681-45-6
6-methylnicotinamide,6960-22-1
22-bipyridine-55-dicarboxylic-acid,1802-30-8
cp-809101-hydrochloride,1215721-40-6
3-pyridinecarboxylic-acid-6-bromo-ethyl-ester,132334-98-6
n-methylbutane-14-diamine-dihydrochloride,89690-09-5
3-2s-2-piperidinylpyridine,494-52-0
3-pyridinecarboxamide,98-92-0
3-pyridinecarboxylic-acid-1256-tetrahydro-methyl-esterhydrochloride,6197-39-3
26-dichloroisonicotinic-acid,5398-44-7
n-nitroso-n-methyl-4-aminobutyric-acid,61445-55-4
6-hydroxynicotinic-acid,5006-66-6
3-2-pyrrolidinylpyridine,5746-86-1
26-dichloronicotinic-acid,38496-18-3
isonicotinoyl-chloride-hydrochloride,39178-35-3
3-pyridinecarboxylic-acid-5-hydroxymethyl-methyl-ester,129747-52-0
1n6-etheno-nad,38806-38-1
4-n-nitrosomethylamino-1-3-pyridyl-1-butanone,64091-91-4
cotinine,486-56-6
nicotinamide-mononucleotide,1094-61-7
3-pyridinecarboxylic-acid-5-hydroxy,27828-71-3
nicotinic-acid-n-hydroxysuccinimide-ester,78348-28-4
4-methylamino-1-pyridin-3-ylbutan-1-one-dihydrochloride,66093-90-1
3-pyridinecarboxylic-acid-46-dibromo-methyl-ester,1364663-27-3
2610141822263034-hexatriacontanonaen-1-ol-3711151923273135-nonamethyl-2e6e10e14e18e22e26e30e,13190-97-1
2-methylnicotinic-acid,3222-56-8
3-pyridinecarboxamide-1-oxide,1986-81-8
6-methyl-nornicotine,90872-72-3
4-hydroxy-1-3-pyridyl-1-butanone,59578-62-0
3-pyridinecarboxylic-acid-5-nitro,2047-49-6
6-bromonicotinic-acid,6311-35-9
pyridine-35-dicarboxylic-acid,499-81-0
r-3-pyrrolidin-2-ylpyridine,7076-23-5
n-nitroso-n-methylaniline,614-00-6
9h-purine-6-chloro-9-ribofuranosyl,2004-06-0
potassium-5-methoxycarbonylnicotinate,27247-34-3
n-hydroxymethylnicotinamide,3569-99-1
6-methylnicotinic-acid,3222-47-7
nicotinic-acid-mononucleotide,321-02-8
3-piperidin-2-ylpyridine,13078-04-1
azd-8529-mesylate,1314217-69-0
n-ethylnicotinamide,4314-66-3
tert-butyl-1h-pyrrole-1-carboxylate,5176-27-2
n-nitrosodibutylamine,924-16-3
nicotine-impurity-c,4Z-N-0626
n-methyl-4-pyridone-3-carboxamide-d3,1207384-47-1
1s2s-nicotine-1-oxide,51095-86-4
1r2s-nicotine-1-oxide,51020-67-8
nicotinuric-acid-d4,1216737-36-8
cycloleucyl-prolyl-mixture-of-diastereomers,5654-86-4
nicotine-ep-impurity-e-d3-nicotine-1-oxide-d3-mixture-of-diastereomers,491-26-9
rac-nicotine-ep-impurity-e-rac-nicotine-1-oxide-mixture-of-diastereomers,63551-14-4
nicotine-ep-impurity-e-nicotine-usp-related-compound-e-free-form-mixture-of-diastereomers,491-26-9
nicotine-impurity-5-hcl,3612-80-4
nicotine,54-11-5
nicotine-usp-related-compound-a-rac-nicotine-ep-impurity-a,2743-90-0
nicotine-ep-impurity-d-nicotine-usp-related-compound-d-myosmine,532-12-7
n-methyl-2-pyridone-5-carboxylic-acid,3719-45-7
nedifloramide-n-methyl-2-pyridone-5-carboxamide,701-44-0
n-nitrosonornicotine-d4,66148-19-4
rac-nicotine-d7-dihcl,1219805-86-3
nicotine-d3,69980-24-1
nicotine-related-compound-1-hcl,501-81-5
n-methyl-4-pyridone-3-carboxamide,769-49-3
nicotine-usp-related-compound-f-rac-nicotine-ep-impurity-f,5746-86-1
nedifloramide-d3-n-methyl-2-pyridone-5-carboxamide-d3,1207384-48-2
rac-nicotine-d4,350818-69-8
nicotinic-acid,59-67-6
nicotine-ep-impurity-b-nicotyrine,487-19-4
nicotinic-acid-d4,66148-15-0
nicotinic-acid-benzyl-ester-benzyl-nicotinate,94-44-0
ethyl-nicotinate-hcl,65550-28-9
nicotine-usp-related-compound-a-d4-hcl-rac-nicotine-ep-impurity-a-d4-hcl,1020719-11-2
cycloleucyl-prolyl-d10-mixture-of-diastereomers,5654-86-4
nicotine-n-glucuronide,153536-53-9
nicotinuric-acid,4Z-N-0618
23-pyridinedicarboxylic-acid-d3,138946-42-6
1s2s-nicotine-1-oxide-d3,51095-86-4
nicotine-impurity-1,887355-56-8
nicotine-usp-related-compound-a-dihcl-rac-nicotine-ep-impurity-a-dihcl,2743-90-0
r-nicotine,25162-00-9
3-1-methyl-1h-pyrrol-2-ylpyridine-nicotyrine,487-19-4
3-2rs-pyrrolidin-2-ylpyridine-rs-nornicotine,5746-86-1
3-45-dihydro-3h-pyrrol-2-ylpyridine-myosmine,532-12-7
rs-1-methyl-3-nicotinoylpyrrolidine-rs-mnp,125630-26-4
1rs2s-1-methyl-2-pyridin-3-ylpyrrolidine-1-oxide-nicotine-n-oxide,491-26-9
nicotine-for-single-use,54-11-5
3-2s-piperidin-2-ylpyridine-anabasine,494-52-0
3-1h-pyrrol-2-ylpyridine-nornicotyrine,494-98-4
n-nitrosonornicotine,16543-55-8
2rs-1236-tetrahydro-23-bipyridyl-rs-anatabine,2743-90-0
3-1s2s-1-methyl-1-oxidopyrrolidin-2-ylpyridine,51095-86-4
1rs2s-nicotine-nn-dioxide-3-1rs2s-1-methyl-1-oxidopyrrolidin-2-ylpyridine-1-oxide,2055-29-0
5rs-5-pyridin-3-ylpyrrolidin-2-one-rs-norcotinine,17708-87-1
3-2rs-piperidin-2-ylpyridine-rs-anabasine,13078-04-1
pseudooxynicotine-dihydrochloride-4-methylamino-1-3-pyridylbutan-1-one-dihydrochloride,66093-90-1
5s-1-methyl-5-pyridin-3-ylpyrrolidin-2-one-cotinine,486-56-6
nicotine-malate,73057-36-0
nicotine-impurity-7,1824020-12-3
s-nornicotine,494-97-3
nicotine-impurity-6,1060802-34-7
trigoneline-hcl,535-83-1
3-mercaptopicolinic-acid-hcl,320386-54-7
2s-n-nornicotine-d4,92761-98-3
nicotine-related-compound-7,15268-31-2
4-chloro-6-nitro-picolinic-acid,1393569-52-2
nicotine-salicylate,29790-52-1
2-nn-dimethylamine-3-cyanopyridine,60138-76-3
cyclol-leucyl-l-prolyl,2873-36-1
nicotine-n-glucuronide-d4,4Z-N-0649
nicotinic-acid-adenine-dinucleotide-sodium,104809-30-5
quinolinic-acid-15n-23-pyridinedicarboxylic-acid-15n,339155-13-4
nicotine-impurity-3,525-74-6
cyclol-leucyl-l-prolyl-d7,2873-36-1
nicotine-related-compound-5,29681-45-6
cyclohexylmethyl-heptyl-sulfite,4Z-N-0656
cyclol-phenylalanyl-l-prolyl,3705-26-8
nicotine-related-compound-8,39642-60-9
nicotine-related-compound-4,3222-49-9
trigoneline-d3,535-83-1
n-nitrosonornicotine-d4-1-n-oxide,75195-76-5
n-methylnicotinium-iodide,21446-46-8
nicotine-ditartrate,6019-06-3
methyl-picolinate-dimer-1,942922-74-9
nornicotine-d4,66148-18-3
s-nicotine-citrate,4Z-N-06111
cyclol-prolyl-l-valyl,2854-40-2
nicotine-benzoate,88660-53-1
nicotine-related-compound-10,870975-59-0
nicotinic-acid-acyl-d-glucuronide,4Z-N-0617
o-nicotine,23950-04-1
n-nitrosonornicotine-1-n-oxide,75195-76-5
2-picolinic-acid,98-98-6
cyclol-phenylalanyl-l-prolyl-d5,3705-26-8
nicotine-related-compound-3,102074-19-1
nicotine-related-compound-6,1657-32-5
nicotine-related-compound-11,4Z-N-06100
2s-n-nitrosonornicotine-d4,1426174-36-8
cyclol-prolyl-l-valyl-d8,2854-40-2
trigoneline,535-83-1
nicotine-di-n-oxide-mixture-of-diastereomers,129547-84-8
nicotine-impurity-2,1824020-12-3
nicotine-related-compound-2,591-22-0
nicotine-related-compound-9,347841-88-7
1r2s-nicotine-1-oxide-d3,51020-67-8
isonicotine-d3,1346601-08-8
cyclol-prolyl-l-leucyl,2873-36-1
s-anabasine-98-ee,494-52-0
s-n-nitroso-anatabine,71267-22-6
nudifloramide-d3,1207384-48-2
rs-norcotinine-pyridyl-d4,1020719-70-3
nicotelline-d9-major,1469367-99-4
rs-nornicotine,5746-86-1
myosmine,532-12-7
rac-cotinine-d3-n-d-glucuronide,TR-C725179
rac-nicotine-d4,350818-69-8
rs-anatabine-2456-d4,1020719-11-2
n-methylnicotinamide,114-33-0
14-dihydro-1-methyl-4-oxo-3-pyridinecarboxamide-d3,1207384-47-1
nicotelline,494-04-2
trans-3-hydroxy-cotinine,34834-67-8
rac-cotinine,15569-85-4
s-n-nitroso-anatabine-10-mgml-in-acetonitrile,71267-22-6
myosmine-2456-d4,66148-17-2
cotinine-n-d-glucuronide,139427-57-9
1s2s-nicotine-1-oxide,51095-86-4
rac-n-nitrosonornicotine-d4,66148-19-4
s-1-methylnicotinium-iodide,21446-46-8
s-cotinine,486-56-6
cotinine-n-d-glucuronide,TR-C725170
nicotinamide-adenine-dinucleotide,53-84-9
rs-norcotinine,17708-87-1
r-anabasine-98-ee,34366-21-7
n-ethylnicotinamide,4314-66-3
rac-n-nitrosonornicotine-d4-01-mgml-in-methanol,66148-19-4
nornicotyrine,494-98-4
4-methylamino-1-3-pyridyl-d4-1-butanone-dihydrochloride,764661-23-6
trans-3-hydroxy-cotinine-d3-n-d-glucuronide,146275-18-5
trans-3-hydroxy-cotinine-d3-racemic-mixtures,159956-78-2
trigonelline-chloride,6138-41-6
nicotyrine,487-19-4
rac-nicotine-d3,69980-24-1
rac-n-nitrosonornicotine-d4-10-mgml-in-acetonitrile,66148-19-4
rac-nicotine-13cd3,909014-86-4
rac-cotinine-d3,110952-70-0
rs-anabasine-2456-d4,1020719-08-7
nicotine-n-4-deoxy-45-didehydro-d-glucuronide,1040920-61-3
rs-n-nitroso-anabasine-d4,1020719-68-9
14-dihydro-1-methyl-4-oxo-3-pyridinecarboxamide,769-49-3
rs-1-methyl-3-nicotinoylpyrrolidine,125630-26-4
nudifloramide,701-44-0
r-nicotine,25162-00-9
s-nicotine-d4,284685-07-0
s-nornicotine,494-97-3
rs-nornicotine-d4,66148-18-3
o-nicotine,23950-04-1
s-anatabine,581-49-7
3-4-methylaminobutyrylpyridine-123456-13c6-dihydrochloride,1246819-72-6
picolinic-acid,98-98-6
rac-nicotine-d3-n-d-glucuronide,TR-N424587
s-nicotine-d3,54-11-5
rac-cotinine-13cd3,1215842-75-3
nicotinic-acid-d4,66148-15-0
nicotine-n-d-glucuronide,153536-53-9
rs-anatabine,2743-90-0
nicotinamide-d4,347841-88-7
4-methyl-d3-amino-1-3-pyridyl-1-butanone-dihydrochloride,1189727-40-9
nicotinuric-acid-d4,1216737-36-8
2s-n-nitrosonornicotine-d4,1426174-36-8
cotinine-2456-d4-pyridine-d4,350818-68-7
rs-nornicotine-d4-100-ugml-in-methanol,66148-18-3
rs-norcotinine-10-mgml-in-methanol,17708-87-1
rac-2-chloro-nicotine,871894-35-8
rac-trans-3-hydroxy-cotinine-d3-o-d-glucuronide-mixture-of-diastereomers,132929-88-5
3-pyridylacetic-acid-hydrochloride,6419-36-9
6-methyl-nornicotine,90872-72-3
23-bipyridine,581-50-0
4-methylnitrosamino-1-3-pyridyl-d4-1-butanone,764661-24-7
3-1-nitrosopyrrolidin-2-ylpyridine,80508-23-2
n-nitrosoanatabine,887407-16-1
n-nitroso-n-ethylaniline,612-64-6
nicotine-ep-impurity-c-nicotine-usp-related-compound-c,486-56-6
cotinine-n-d-glucoside-chloride,TR-C725165
4namido-ethenonicotinamide-1n6-ethenoadenine-dinucleotide,TR-E936805
2z5s-5-amino-5-3-pyridinyl-2-penten-1-ol,918625-36-2
rac-5-methylnicotine,82111-06-6
rac-nornicotine-bitartrate,5746-86-1
trans-3-hydroxy-cotinine-o-4-deoxy-45-didehydro-beta-d-glucuronide-sodium-salt,1217540-34-5
6-allyloxycarbonyl-345-trihydroxytetrahydro-2h-pyran-2-yl-nicotinate,TR-A429258
n-boc-rs-nornicotine,1076199-53-5
ortho-cotinine-perchlorate,147732-32-9
n-4-methoxybenzylcotinine,887406-85-1
beta-nicotyrine-l-tartrate,4315-37-1
rs-n2-nitroso-anabasine-triacetyl-n-b-d-glucuronide-methyl-ester-bromide,TR-N524263
3-aminocarbonyl-16-dimethyl-pyridinium-iodide,107971-06-2
5-methoxycarbonylnicotinic-acid-potassium-salt,27247-34-3
trans-3-hydroxy-cotinine-o-4-deoxy-45-didehydro-beta-d-glucuronide-methyl-ester,1217540-34-5
5-hydroxymethyl-23-dimethylpyridine,857146-29-3
rac-5-3-pyridyltetrahydro-2-furanone,20971-79-3
35-bis34-dihydro-2h-pyrrol-5-ylpyridine,TR-B426320
